iteration	approach	details	rationale	revert_to
0	pairwise adjacency probing via four toggle blocks	Read two integers subtask and n from one line on stdin. If n is at most 1000, enumerate every unordered pair (u,v) with 1<=u<v<=n in lexicographic order, build one big query whose token sequence is for each pair the four tokens u v v u, output L = 2 times n times (n-1) followed by all tokens space separated on one line, fflush, then read L integers from stdin. For block index k (zero based) holding pair (u_k,v_k), the response at position 4k+1 equals 1 iff u_k and v_k are ring neighbors (S transitions empty to {u} response 0, {u} to {u,v} response 1 iff adjacent, {u,v} to {u} response 0, {u} to empty response 0). Maintain neighbors as a vector of vector<int> indexed 1..n; every label ends with exactly two neighbors. Reconstruct the cycle by setting prev=0 and cur=1 and iterating n times: emit cur, then set nxt to the neighbor of cur not equal to prev, then prev=cur, cur=nxt. Output minus one followed by the n walked labels space separated on one line, fflush, return 0. If n is greater than 1000, perform zero queries and immediately output minus one followed by the identity sequence 1 2 ... n space separated, fflush, return 0 (this safely scores zero on subtask 2 without exceeding the 3e8 op cap or the 1e7 single query cap). Use scanf and printf for IO speed, use long long for any size accumulators to be safe, and never include a header that toggles cin sync since we only use C IO.	Iteration 0 baseline locks in full credit on subtask 1 (n=1000 needs 2*999*1000 ~ 2e6 ops in one query, so t=1 and Q well under 1.5e7 giving lambda=1) while keeping subtask 2 a safe no op so future iterations can layer a smarter neighbor finding scheme (independent set plus binary search) on top.	none
1	max indep set with bit mask group testing for adjacency	For n at most 1000 keep the existing pairwise probing path unchanged. For n greater than 1000 implement a new path. Open query one. Phase A: starting with S empty, iterate x from 1 to n: send x, read response r; if r equals 1 send x once more and read the zero response. After this, S is a maximal independent set A on the ring; record A as a sorted vector A_list of length m. Phase B: let K be 17. For b from 0 to K minus 1: transform S to T_b which is the set of a in A_list whose 0-based position has bit b equal to 1, by sending each label currently in S whose bit-b position bit is 0 (toggling out) then each label in A_list not currently in S whose bit-b position bit is 1 (toggling in), discarding those responses; then for each y from 1 to n with y not in A: send y, read response (this is bit b of sig1 of y), send y again, read response. Close query one. Phase C: open query two; reset S to full A_list (by sending labels needed to add or remove); then repeat Phase B using a second mask scheme where idx2(a) is the bit reversal of the position of a within K bits, gathering sig2 of y. Close query two. Phase D: locally for each y not in A try sig1 of y as a candidate single index i and verify idx2(i) equals sig2 of y; if so record y has one A-neighbor A_list at i. Otherwise enumerate distinct pairs i less than j with i OR j equal to sig1 of y (iterate submasks of sig1 of y), filter by idx2(i) OR idx2(j) equal to sig2 of y, pick the unique consistent pair; record y has two A-neighbors A_list at i and A_list at j. Phase E: build a neighbors map; for single-gap y with two A-neighbors a and b push a and b into neighbors of y and y into neighbors of a and neighbors of b; for double-gap y with one A-neighbor a push a into neighbors of y and y into neighbors of a. Phase F: open query three to identify partner edges among double-gap vertices. Collect list D of all double-gap y still missing one neighbor. For each unordered pair y and yp in D send the four-token block y yp yp y from S empty, read responses; if the second response equals 1 record y and yp as partners and add the edge into neighbors. Close query three. Phase G: verify each label has exactly 2 neighbors; if any label is short, output minus one followed by the identity sequence 1 to n and exit; otherwise walk the cycle starting at label 1 with prev equal to 0 for n steps, printing labels; output minus one followed by the n walked labels then flush and exit. Use scanf and printf and 64-bit accumulators.	This opens a new direction targeting subtask 2 with a maximal independent set baseline plus dual bit-mask group testing to recover all A-neighbor relations in roughly n log n operations and a final query to pair double-gap partners, fitting the op budget while keeping full credit on subtask 1.	none
2	batched protocol MIS plus dual bitmask group testing	For n at most 1000 keep the existing pairwise probing path unchanged. For n greater than 1000 fully rewrite so every query is exactly one printed line of form L space then L space separated tokens followed by fflush of stdout then reading exactly L integers from stdin; never send tokens one at a time and never interleave reads inside a single query. Step 1 build maximal independent set A on the ring through batched probe and commit queries; maintain vector A_list and array inA of size n plus 1; initialize both empty; iterate label batches of size 8192 over x equal 1 to n; for each batch emit a probe query whose token sequence is for every x in the batch the pair x then x so S oscillates back to the current MIS A after each pair; read 2 times batch size responses; for each x the response after the first x token equals 1 iff x has a ring neighbor in the current A (because A is independent so background response is 0 and toggling x in changes adjacency iff x neighbors A); collect candidates whose first response is 0; emit a commit query of tokens c1 c2 ck (the candidates in some order); read k responses; track which c_i flipped adjacency from 0 to 1 within the commit query (these are the c_i that became ring adjacent to a previously committed earlier c_j in the same batch); record the conflict c_i positions in a list F; after each batch emit one cleanup query of size F whose tokens are exactly the conflict labels to toggle them out of S; total queries per batch is 3 and there are about n divided by 8192 batches.; Step 2 dual bit signature in two large batched queries; let m equal size of A_list and K equal ceiling of log2 of m capped at 17; define idx1[i] equal i and idx2[i] equal the K bit reversal of i; emit query Q1 with S currently equal to A and built as concatenation over bit b from 0 to K minus 1 of (transition tokens then probes); the transition tokens to move S from previous T to T_b are first for each label in current S whose target bit equals 0 emit the label once (toggle out) then for each label in A not in current S whose target bit equals 1 emit the label once (toggle in); the probe tokens are for each label y not in A the pair y then y; since T_b is a subset of A and A is independent T_b has no ring adjacencies so background response is 0 hence bit b of sig1_y equals the response just after the first y token in y probe pair; read all responses and decode sig1_y per non A vertex y; emit Q2 with identical structure using idx2 to gather sig2_y; after Q2 ensure S returns to A by adding back any toggled labels in the final transition.; Step 3 decode each non A vertex y locally; if sig1_y is less than m and idx2[sig1_y] equals sig2_y record y as double gap with single A neighbor A_list[sig1_y]; else enumerate submasks of sig1_y to find unique unordered pair i less than j with i bitor j equal sig1_y and idx2[i] bitor idx2[j] equal sig2_y and i less than m and j less than m and record y as single gap with two A neighbors A_list[i] and A_list[j]; push edges into a neighbors vector of vector.; Step 4 partner detection among double gap vertices; collect list D and group double gap vertices by their unique A neighbor a; within each group of size g enumerate g times (g minus 1) divided by 2 unordered candidate pairs; emit one final big query that first toggles S empty by sending the current A_list to remove all then emits for each candidate pair (y, yp) the four tokens y yp yp y; read all responses; for the block of pair (y, yp) if the response after the second token (the yp insertion when S equals just y plus yp) equals 1 then y and yp are ring adjacent so add edge.; Step 5 cycle walk; verify every label has exactly 2 neighbors; if not output minus one then identity sequence 1 to n; else walk from label 1 with prev equal 0 for n steps printing each cur label; output minus one then the n walked labels space separated then fflush and return.	Fix the protocol bug from iteration 1 (single token sends violated the L tokens then L responses contract) by rewriting the n greater than 1000 path with strictly batched queries; this opens a new direction toward full credit on subtask 2 since iteration 1 stayed at 66.66 due to malformed queries.	99ecb35
3	per vertex MIS plus correct dual bit signature plus structural partner pairing	For n at most 1000 keep the existing pairwise probing path unchanged. For n greater than 1000 rewrite as follows. Phase 1 build a maximal independent set A by adaptive single token queries one per vertex; initialize empty vector A_list and array inA of size n plus 1 all zero; for v from 1 to n send a one token query whose printed line is the single integer 1 then a space then v then a newline and fflush then read one response r; if r equals 0 then v has no ring neighbor in current S which equals current A so keep v in S by pushing v into A_list and setting inA[v] equal 1; if r equals 1 then v is adjacent to current A so send a second one token query containing v to toggle v out and discard the one response read; after the loop S equals A_list. Phase 2 set m equal size of A_list and K equal ceiling log base 2 of m capped at 17 and at least 1; define idx1[i] equal i and idx2[i] equal the K bit reversal of i; build a list nonA of all labels with inA equal 0 preserving ascending order. For each labeling L equal idx1 then L equal idx2 send exactly one batched query. Inside that query maintain a local cur_in array of length m initialized all 1 since S equals A_list at the start; build a tokens vector and an array probe_start of length K; for bit b from 0 to K minus 1 first push transition tokens which are for each i with cur_in[i] equal 1 and bit b of L[i] equal 0 push A_list[i] and set cur_in[i] equal 0 then for each i with cur_in[i] equal 0 and bit b of L[i] equal 1 push A_list[i] and set cur_in[i] equal 1 so after the transitions S equals T_b which is the subset of A_list whose L value has bit b set; record probe_start[b] equal current tokens length; then for each y in nonA push y then y so each y is probed against T_b and immediately reverted; after the K bit loop append final restore tokens which are A_list[i] for each i with cur_in[i] equal 0 so S returns to A_list at the end. Send this query as one printed line of the form L space then the L tokens space separated then a newline and fflush and read exactly L responses; decode bit b of sig[y] equal the response at index probe_start[b] plus 2 times j where j is the index of y in nonA; because T_b is a subset of the independent set A it has zero ring edges internally so the response after toggling y in equals exactly the indicator that y has a ring neighbor inside T_b which equals the OR over y A neighbors of bit b of L at that A index. Phase 3 decode each y in nonA from sig1[y] and sig2[y]. If sig1[y] is strictly less than m and idx2[sig1[y]] equals sig2[y] record y as double gap with sole A neighbor index sig1[y] and push the edge between y and A_list[sig1[y]] into the neighbors map. Else iterate submasks sub of sig1[y] using the standard loop sub starts at sig1[y] then sub equal (sub minus 1) bitand sig1[y] until after sub equals 0; let comp equal sig1[y] bitxor sub; if sub strictly less than comp and sub less than m and comp less than m and idx2[sub] bitor idx2[comp] equals sig2[y] record this candidate ordered pair; if exactly one candidate is recorded then y is single gap with A neighbors at indices sub and comp; push both edges into the neighbors map; if zero candidates or multiple candidates leave y unresolved for now and continue. Phase 4 partner detection for double gap y; build a partial A cycle graph on m A vertices using only the single gap pair edges recorded in Phase 3 (each single gap pair contributes one A cyclic edge between A_list[sub] and A_list[comp]); compute degA[i] for each i; for each i let need[i] equal 2 minus degA[i] which counts the missing A cyclic edges still to be filled by double gap pairs; collect the set D of double gap y with their sole A neighbor index a_y; build candidate partner pairs by iterating unordered (y yp) with y less than yp where y and yp are both in D and a_y is not equal to a_yp and need[a_y] is greater than 0 and need[a_yp] is greater than 0 and the unordered A index pair (a_y a_yp) is not already a single gap edge in the partial A cycle graph; this keeps the candidate count near 2 m or so. Send one combined query whose token stream first contains all of A_list in order so that every A vertex toggles out and S becomes empty then for each candidate unordered pair (y yp) append the four tokens y yp yp y; the line is L space then L tokens then newline then fflush; read all L responses; for each candidate block of 4 tokens with S empty just before the block the response at the second position within the block equals 1 if and only if (y yp) is a ring edge; for each such match push edge between y and yp into the neighbors map. Phase 5 verify every label has exactly 2 neighbors; if any label has fewer than 2 then output the line minus one space then 1 space 2 space and so on up to n space separated then newline and fflush and return 0; else start prev equal 0 and cur equal 1 and walk for n iterations printing cur each time and picking nxt as whichever of neighbors[cur][0] or neighbors[cur][1] is not equal to prev then setting prev equal cur and cur equal nxt; output the line minus one followed by the n walked labels space separated then a newline and fflush and return 0. Critical correctness rule the oracle response is always a single bit 0 or 1 indicating whether any ring adjacent pair exists in current S; do not use comparisons like r greater than prev_resp or r greater or equal 2 since those assume counts; only use semantics r equal 0 or r equal 1. Use scanf and printf and 64 bit accumulators where lengths could exceed int range.	Fix the two protocol bugs in iterations 1 and 2 that treated the 0 1 adjacency oracle as a count (the sticky bit MIS commit logic and the partner detection threshold) and the ambiguous pair decoding step by rewriting the n greater than 1000 path with strictly bit valued oracle handling plus structural cycle completion for partner pairing so the algorithm actually produces a correct ring permutation on subtask 2; this continues the MIS plus bit signature direction which has only had two attempts and never produced a correct output.	99ecb35
4	MIS plus random permutation bit signature plus skeleton restricted partner probing	For n at most 1000 keep the existing pairwise probing path unchanged. For n greater than 1000 modify split_solutions_3.cpp as follows. Decoding bug fix at Phase 2: replace the second coding from bit reversal to a random permutation of indices. After Phase 1 produces A_list of size m and K is ceiling log base 2 of m capped at 17 and at least 1, allocate idx2 as a vector of int of size m initialized to identity 0 to m minus 1; seed a deterministic xorshift64 state with the constant 0x9E3779B97F4A7C15; Fisher Yates shuffle idx2 in place by iterating i from m minus 1 down to 1, advancing the xorshift state (x XOR equals x left shift by 13 then x XOR equals x right shift by 7 then x XOR equals x left shift by 17), letting j equal x modulo (i plus 1), and swapping idx2 at i with idx2 at j; idx2 is now a random permutation of [0, m) and is NOT a bit permutation so OR of idx2 of i and idx2 of j does not equal idx2 of (i OR j) in general; this breaks the algebraic identity in iter 3 where bit reversal commutes with OR so sig2 always equaled idx2 of sig1 and the decoder always misclassified every non-A y as double-gap; the rest of Phase 2 (transition tokens for each bit b to move S to T_b which is the subset of A_list whose code has bit b set, then push y y for each y in nonA, restore S to A_list at end) is unchanged structurally and emitted as one batched query per coding. Phase 3 decoding for each non-A y with s1 equal sig1 of y and s2 equal sig2 of y: guard popcount of s1 at most 14 (mark unresolved if greater); if s1 is less than m and idx2 of s1 equals s2 record y as double-gap with sole A-neighbor index s1 (push edge between y and A_list of s1, add y to D and bySoleA of s1 indexed by A position, set yType of y equal 1); else iterate submasks of s1 with sub starting at s1 in the standard loop sub equals (sub minus 1) AND s1 until after sub equals 0; for each (sub, comp equal s1 XOR sub) with sub less than comp and both less than m, count candidate if (idx2 of sub) OR (idx2 of comp) equals s2 and remember (sub, comp); if exactly one candidate y is single-gap with A-neighbors at sub and comp (push both edges between y and A_list of sub and A_list of comp into neighbors and add the unordered A-A skeleton edge (sub, comp) into a hash set skelEdges and increment degA of sub and degA of comp); if zero or more than one candidate mark y unresolved. Phase 4 skeleton construction: build adjA as vector of vector of int of size m using only the recorded skelEdges; if any degA of i is greater than 2 fall back to identity output; do BFS to find connected components of the A-A skeleton graph, assigning compId of each i; for each component walk it from any endpoint (vertex with degA equal 0 or 1) to determine path order and collect its endpoints list which has size 1 for a singleton (degA equal 0) or 2 for a path (two vertices of degA equal 1). Phase 5 partner detection: compute c of i equal size of bySoleA at index i; check that c of i plus degA of i equals 2 for every i in [0, m); if any mismatch fall back to identity output; build candidate gap-3 A-edges by iterating unordered endpoint pairs (i, j) with compId of i not equal compId of j (only across different components) and c of i greater than 0 and c of j greater than 0; for each such (i, j) cartesian product over y in bySoleA at i and yp in bySoleA at j pushing each (y, yp) into a candidate vector; if total candidate count exceeds 1500000 or if m plus 4 times candidate count exceeds 9500000 (single query op cap safety margin) fall back to identity output; emit ONE big query: first push every A_list in order (m tokens; toggles S from full A_list to empty since A is currently set after Phase 2 restore), then for each candidate (y, yp) push the four tokens y yp yp y; total token count L equals m plus 4 times candidate count; print L space then L tokens space separated then newline then fflush; read L responses; for each candidate block index k the base offset is m plus 4 times k and if response at base plus 1 equals 1 then y and yp are ring-adjacent so push edge between y and yp into neighbors (after the block S returns to empty since y yp yp y toggles in y, in yp, out yp, out y). Phase 6 final cycle walk: verify each label v in 1..n has exactly 2 neighbors; if not, output -1 then 1 2 3 up to n space separated then newline then fflush and return 0; else start prev equal 0 and cur equal 1 and walk for n iterations printing cur each time and selecting nxt as whichever of neighbors of cur at index 0 or 1 is not equal to prev then updating prev equal cur and cur equal nxt; output -1 then the n walked labels space separated then newline then fflush and return 0. Critical correctness invariants: the oracle response is always a single bit 0 or 1 indicating whether ANY adjacent pair exists in S; never use r greater than previous response or r greater or equal 2 since those assume counts; only use r equal 0 or r equal 1 semantics; use scanf and printf with 64 bit accumulators when token counts or candidate counts could exceed int range; do not include any header that flips cin sync since only C IO is used.	Fix the algebraic bug in iter 3 where bit reversal commutes with OR causing every non-A vertex to be falsely classified as double-gap by switching to a random permutation second coding that breaks the identity, and replace the iter 3 quadratic partner candidate blowup with skeleton-restricted gap-3 inference so the algorithm finally has a real chance of producing a correct subtask 2 output; this continues the still maturing MIS plus bit signature direction which has produced three buggy attempts but no correct subtask 2 output yet.	none
5	MIS plus triple bit signature with three random labelings for robust decoding	For n at most 1000 keep the existing pairwise probing path unchanged. For n greater than 1000 extend iter 4 by adding a third bit-signature labeling for decoder robustness. Allocate idx3 as a vector of int of size m initialized to identity and Fisher Yates shuffle it in place using a separate xorshift64 state seeded with 0xBF58476D1CE4E5B9 with the same shift constants 13, 7, 17. Change the bit-signature loop from two rounds to three rounds; each round emits one batched query using its own labeling (idx1, idx2, or idx3) and collects sig1 of y, sig2 of y, or sig3 of y for each non-A y. Each round uses the same structure as iter 4: track cur_in array initialized all 1, for each bit b emit transition tokens to move S to T_b which is the subset of A_list whose code under that labeling has bit b set, then push y y for each y in nonA to probe each y against T_b, after K bits append restore tokens to put S back to A_list at end. Replace the Phase 3 decoder with a triple consistency check: for each y with s1 s2 s3, first try single match (if s1 less than m and idx2 of s1 equals s2 and idx3 of s1 equals s3 then record y as double-gap with sole A-neighbor at position s1 and push edge between y and A_list of s1); else enumerate submasks of s1 using the standard loop sub starting at s1 then sub equals (sub minus 1) AND s1 until after sub equals 0; for each candidate (sub, comp equal s1 XOR sub) with sub less than comp and both less than m, count it if (idx2 of sub bitor idx2 of comp) equals s2 AND (idx3 of sub bitor idx3 of comp) equals s3 and remember (sub, comp); if exactly one matching pair record y as single-gap with A-neighbors at sub and comp pushing both edges and adding the unordered skeleton edge (sub, comp) into skelEdges with degA increments; if zero or more than one matching pair leave y unresolved. Phase 4 through Phase 6 are unchanged structurally from iter 4 (skeleton via skelEdges, component BFS to compute compId and endpoints, verify degA at most 2 per A index and bySoleA size plus degA equals 2 per A index, partner detection across endpoints of distinct components with one batched query that first toggles A_list out then for each candidate pair emits 4 tokens y yp yp y and checks the response at position 1 within the block, final cycle walk from label 1 with prev equal 0 or fallback to identity). Keep popcount cutoff at 14 to bound enumeration cost; maintain the single bit response invariant where r is only ever 0 or 1; use scanf printf with 64 bit accumulators; do not include any header that flips cin sync.	The iter 4 two-code decoder produces spurious pair candidates at rate roughly 1 over m per submask which collides with the true match leaving many non-A vertices unresolved, and adding a third independent random labeling drops the spurious collision rate to roughly 1 over m squared so the decoder reliably classifies every non-A vertex; this continues the MIS plus bit signature direction which has been actively bug-fixing across four attempts without yet producing correct subtask 2 output so the direction is still in development rather than score-mature.	none
6	MIS plus triple bit signature with ring closing partner detection	For n at most 1000 keep the existing pairwise probing path unchanged. For n greater than 1000 build on iter 5 by changing Phase 4 partner detection so that it can close the final ring edge between the two endpoints of the same skeleton component. Concretely after Phase 3 build adjA from skelEdges and BFS the skeleton to assign compId and a comp endpoints list per component as before; additionally for each component c that is a path (size 2 endpoints) record its ordered endpoint pair (e0_c, e1_c) and for each singleton component (size 1 endpoint) record that single endpoint as both e0_c and e1_c. Replace the candidate enumeration loop with two phases. Phase 4a cross component pairs as in iter 5: iterate unordered c1 less than c2, iterate i in compEndsWithC of c1, j in compEndsWithC of c2, iterate y in bySoleA of i and yp in bySoleA of j, push candidate (y, yp). Phase 4b same component closing pairs: iterate each component c that is a path (has exactly 2 endpoints e0 and e1) where bySoleA of e0 is nonempty AND bySoleA of e1 is nonempty AND e0 is not equal to e1; iterate y in bySoleA of e0 and yp in bySoleA of e1, push candidate (y, yp). Keep the candidate count and total token guards from iter 5. Also tighten Phase 3 decoder cutoff from popcount cutoff 14 to popcount cutoff 16 to recover y values with longer signatures that were being silently dropped (the 14 cutoff was set when decoder had only 2 signatures and submask enumeration cost dominated; with three signatures and triple consistency check the spurious match rate is much lower so we can afford larger enumeration); also short circuit the submask loop early once count is greater than 1 (already does this) and add an outer guard: skip any y where popcount of s1 is 0 (which would be impossible for a real neighbor pattern) marking those as protocol error and triggering fallback. Phase 5 final verification: after attempting partner detection if any vertex still has fewer than 2 neighbors fall back to identity output; else perform the cycle walk and verify the n walked labels are a permutation of 1 to n (use a visited array); if not a permutation fall back to identity. The rest of the structure (per vertex MIS in Phase 1; three rounds of batched bit signature in Phase 2 with idx1 identity and idx2 idx3 random permutations; cycle walk from label 1) is unchanged from iter 5.	The iter 5 partner detector only enumerates cross component endpoint pairs which means when the skeleton single gap edges already connect all A indices into one path component the ring closing partner pair (which lies between the two path endpoints of that single component) is never tested so Phase 4 always misses one A cycle edge and Phase 6 falls back to identity; adding same component endpoint pair candidates closes the ring; this continues refining the MIS plus bit signature direction with one focused correctness fix.	none
7	MIS plus triple bit signature with zero index double gap fix	For n at most 1000 keep the existing pairwise probing path unchanged. For n greater than 1000 take iter 6 as the base and apply exactly one focused fix to the Phase 3 decoder. Locate the line inside the loop over y in nonA that tests if popcnt of s1 equals 0 then sets protocolError to true and breaks out of the loop and delete that entire line. Reason for the fix: a double gap y whose sole A neighbor lies at A list index 0 legitimately produces sig1 of y equal 0 because idx1 of 0 equals 0 so under round 0 the vertex A list of 0 is never in any T b and y has no other A neighbor; the current code wrongly classifies this as a protocol error and triggers fallback to identity output blocking all subtask 2 progress. After the deletion the existing single match branch in the decoder correctly handles s1 equal 0 since s1 less than m holds and idx2 of 0 equals sig2 of y and idx3 of 0 equals sig3 of y so y is classified as double gap with sole A neighbor index 0 and the partner detection phase later pairs it with another double gap vertex. Do not modify Phase 1 per vertex MIS one token queries; do not modify Phase 2 three batched bit signature queries with idx1 identity and idx2 idx3 random permutations seeded with xorshift constants 0x9E3779B97F4A7C15 and 0xBF58476D1CE4E5B9; do not modify Phase 4 cross component and same component endpoint partner pairs probed by toggling A list out then 4 token blocks y yp yp y; do not modify Phase 5 cycle walk with permutation verification or fallback. Do not change the popcount greater than 16 continue guard or the bit oracle invariant or the I O routines.	Iter 6 introduced a popcount equal zero protocolError guard that incorrectly rejects double gap y vertices whose sole A neighbor sits at A list index 0 causing every subtask 2 run to fall back to identity output; removing this single line keeps all other iter 6 improvements intact and unblocks correctness in this still maturing direction.	none
8	batched epoch prefix MIS plus triple bit signature decoding	For n at most 1000 keep pairwise probing path unchanged. For n greater than 1000 take c50ead7 as base and replace Phase 1 per vertex MIS with a batched epoch prefix MIS construction. Initialize A_list as empty and inA array zero of size n plus 1. Set epoch count E to 12 and xorshift64 seed base to 0xD6E8FEB86659FD93. For each epoch e from 0 to E minus 1 do; Step A build R as the vector of all v in 1 to n with inA equal 0 preserving ascending order; if R is empty break out of the epoch loop. Step B random shuffle R with an xorshift64 state initialized to base XOR e applying the standard 13 7 17 shifts; iterate i from size of R minus 1 down to 1 letting j equal next state modulo (i plus 1) and swap R at i with R at j. Step C emit one batched probe query whose token line is L space then the size of R tokens of R in shuffled order then a newline then fflush; read size of R responses into res; the response after pushing R at i equals 1 if and only if A_list union R at indices 0 through i has any ring adjacent pair. Step D scan res to find the smallest k in 0 to size of R such that res at k equals 1; if no such k exists set k equal size of R. Step E for each i from 0 to k minus 1 push R at i into A_list and set inA at R at i equal 1 (these vertices extend the MIS independently). Step F if k is less than size of R emit one cleanup query whose tokens are R at k followed by R at k plus 1 through R at size R minus 1 (the conflict vertex and all vertices not yet accepted); read and discard the responses; this restores S to the new A_list. Step G if k equals size of R no conflict occurred so set R to empty and continue (next epoch will have no R and exit). After the epoch loop if A_list size is below n divided by 3 emit minus one then identity 1 to n space separated and exit (sparse MIS would not decode reliably). Phase 2 three batched bit signature queries with idx1 identity and idx2 idx3 the same xorshift constants 0x9E3779B97F4A7C15 and 0xBF58476D1CE4E5B9 from c50ead7, Phase 3 triple consistency decoder, Phase 4 cross component plus same component endpoint partner detection, and Phase 5 cycle walk plus permutation verification are all unchanged from c50ead7. Keep the single bit oracle invariant of response only 0 or 1; keep scanf printf and 64 bit accumulators where lengths could exceed int range; do not include any header that flips cin sync.	After 8 iterations of MIS plus bit signature stuck at 66.6667 the per vertex MIS uses n one token queries which alone caps lambda on subtask 2 at about 0.2 since f of t over 18 saturates at 8; compressing Phase 1 into about 12 batched epochs drops total queries from order n to roughly 30 pushing lambda toward 1 on subtask 2 and finally addressing the t budget bottleneck which prior iterations only attacked the decoder bugs.	c50ead7
9	batched epoch MIS plus maximality completion plus triple bit signature decoding	For n at most 1000 keep the existing pairwise probing path unchanged. For n greater than 1000 take the current solution as base and insert a maximality completion pass between the existing batched epoch MIS loop and Phase 2 bit signature. After the existing epoch loop ends and after the sparse fallback check (A_list size below n divided by 3 returns identity), build R_rem as the vector of all v in 1 to n with inA equal 0 in ascending order; if R_rem is empty skip to Phase 2 directly; otherwise emit one batched maximality probe query whose token line is L space then for each v in R_rem the pair v v so L equals 2 times size of R_rem; print L space then the tokens space separated then a newline then fflush; read L responses; for each v at position k in R_rem the response at index 2 times k is 1 if v has at least one A neighbor and 0 if v has zero A neighbors so collect into list M every v whose probe response is 0; after the probe query S still equals A_list. Now perform a sub epoch MIS loop over M to extend A maximally with E2 equal 8 and xorshift64 seed 0xCAFEBABEDEADBEEF distinct from Phase 1 seed; for each epoch e2 from 0 to E2 minus 1 build R2 as all m in M with inA equal 0 preserving M order; if R2 empty break; shuffle R2 in place by Fisher Yates with xorshift state seeded with the seed XOR e2 applying shifts 13 7 17; emit a sub epoch probe query of size R2 with tokens R2 in shuffled order; read size R2 responses; find smallest k2 in 0 to size R2 with response equal 1 or set k2 equal size R2 if none; for i in 0 to k2 minus 1 push R2 at i into A_list and set inA at R2 at i equal 1; if k2 less than size R2 emit a cleanup query of size R2 minus k2 with tokens R2 at indices k2 through size R2 minus 1 and read and discard the responses so S returns to A_list. After the sub epoch loop A_list is maximal so every non A vertex has at least one A neighbor; then proceed with Phase 2 three batched bit signature queries with idx1 identity and idx2 idx3 random permutations seeded with the existing xorshift constants 0x9E3779B97F4A7C15 and 0xBF58476D1CE4E5B9, Phase 3 triple consistency decoder with the zero index double gap branch intact, Phase 4 cross component and same component endpoint partner detection with the four token y yp yp y blocks, and Phase 5 cycle walk with permutation verification all unchanged from the current solution. Keep the single bit oracle invariant of response only 0 or 1; keep scanf printf and 64 bit accumulators where lengths could exceed int range; do not include any header that flips cin sync.	After 8 iterations stuck at 66.6667 the iter 8 batched epoch MIS leaves a fraction of non A vertices with zero A neighbors so the iter 7 sig1 equal 0 sole neighbor at index 0 branch wrongly claims a neighbor at A list index 0 for these orphan vertices corrupting the skeleton and breaking the cycle walk; adding a maximality completion pass restores the MIS invariant that every non A vertex has at least one A neighbor and unblocks the existing triple bit signature decoder so subtask 2 can finally produce correct output; this is a focused correctness fix continuing the still buggy MIS plus bit signature direction.	none
10	MIS plus triple bit signature plus partner MIS bit signature pairing	For n at most 1000 keep pairwise probing path unchanged. For n greater than 1000 take the current solution as base and replace Phase 4 partner detection entirely. Keep Phase 1 batched epoch MIS, Phase 1.5 maximality completion, Phase 2 three batched bit signature queries with idx1 identity and idx2 idx3 random permutations, and Phase 3 triple consistency decoder with the zero index branch all unchanged so D and bySoleA are built as before. Delete the entire cross component plus same component endpoint candidate enumeration (the loops over c1 less than c2 and the same component closure loop) and the single combined query that toggles A_list out then sends 4 token blocks y yp yp y. Insert the following four steps after Phase 3. Step 4A clear S to empty by emitting one query whose tokens are exactly A_list in its current order; read m responses and discard since A is independent so all responses are 0. Step 4B build T as a maximal independent set of D with respect to the ring partner edges by an epoch construction; initialize T as empty vector of int and inT as int array of size n plus 1 set to zero; set E_T equal 16 and xorshift64 seed base equal 0xA0761D6478BD642F; for each epoch e from 0 to E_T minus 1 do; build R as the vector of all y in D with inT equal 0 preserving D order; if R is empty break the epoch loop; shuffle R in place by Fisher Yates with an xorshift64 state seeded with base XOR e applying shifts 13, 7, 17 and j equal next state modulo (i plus 1); emit a probe query of size R whose tokens are R in shuffled order; read size R responses; find smallest k in 0 to size R minus 1 with response equal 1 or set k equal size R if none; for i from 0 to k minus 1 push R at i into T and set inT at R at i equal 1; if k less than size R emit a cleanup query of size R minus k whose tokens are R at indices k through size R minus 1 and read and discard the responses so S returns to T; correctness invariant T is independent in D throughout because at each push of R at i with response 0 the set T union R 0 through i has no partner adjacency. Step 4C maximality completion sweep on D; build U as all y in D with inT equal 0 preserving D order; emit one batched probe query whose token sequence is for each y in U the pair y y so L equals 2 times size of U; read L responses; for each y at position p in U the response at index 2 times p is 1 if y has a partner in T (good) and 0 if y has no partner in T meaning T is not maximal for this y; collect into list MM every y at position p whose probe response is 0; run a sub epoch loop over MM with E_TT equal 8 and xorshift64 seed 0x4CF5AD432745937F mirroring step 4B (build R2 as MM members with inT equal 0; shuffle; emit probe; accept prefix; emit cleanup if needed); after this T is a maximal IS of D so every y not in T has its partner in T. Step 4D bit signature on T to identify each non T D member partner; let mT equal size of T and K_T equal ceiling of log base 2 of mT capped at 17 and at least 1; if mT equals 0 skip step 4D; assign each y at sequential index j in T the K_T bit label idx_T of j equal j (sequential identity labeling on T, not random); rebuild U as all y in D with inT equal 0 preserving D order, of size dU; emit one big query that maintains cur_in array of length mT initialized all 1 since S equals T at start; for each bit b from 0 to K_T minus 1 do; for each j with cur_in at j equal 1 and bit b of j equal 0 append T at j to tokens and set cur_in at j equal 0; for each j with cur_in at j equal 0 and bit b of j equal 1 append T at j to tokens and set cur_in at j equal 1; record probe_start at b equal current tokens length; for each y in U append y then y to tokens so each y is probed against T_b then immediately reverted; after the K_T bit loop append final restore tokens which are T at j for each j with cur_in at j equal 0 so S returns to T at end; send this query as one printed line of L space then the L tokens space separated then a newline then fflush and read exactly L responses; for each bit b and each y at index q in U decode bit b of partner_label of y from the response at probe_start at b plus 2 times q; the correctness reason is T_b is a subset of T and T is independent in D so T_b has no internal adjacency and y in U has neighbors a_y in A (not in S since S subset of D) and partner in T so the response after toggling y in equals 1 iff partner of y is in T_b iff bit b of (T index of partner) is 1. Step 4E decode partners; for each y at index q in U the gathered partner_label is the index in T of y partner; if partner_label is at least mT mark protocol error and call fallback to identity output and return 0; else push the edge between y and T at partner_label into neighbors via pushNeighbor (which adds both directions and dedupes). Step 4F proceed with Phase 5 cycle walk and permutation verification unchanged from current solution. Keep the single bit oracle invariant of response only 0 or 1; keep scanf and printf with 64 bit accumulators where lengths could exceed int range; do not include any header that flips cin sync; do not change Phase 1 or Phase 1.5 or Phase 2 or Phase 3 logic.	After 10 iterations stuck at 66.6667 the existing Phase 4 enumerates all cross component plus same component endpoint pairs which is order cc squared and for n equal 1e5 with cc near 2e4 this hits the 1.5 million candidate cap triggering fallback to identity on subtask 2; replacing it with a partner MIS (each y has exactly one partner so D adjacency graph is a perfect matching and admits a clean maximal IS) plus a one shot bit signature on T to decode each non T y partner reduces partner detection to roughly d log d operations and a handful of queries unblocking correct subtask 2 output without regressing the rest of the pipeline; this continues the still developing MIS plus bit signature direction.	none
11	restore single gap decoder branch in phase three triple consistency check	For n at most 1000 keep the existing pairwise probing path unchanged. For n greater than 1000 take the current solution as base and apply one focused fix to Phase 3 the decoder loop over y in nonA. The current loop body only handles the double gap branch (if s1 less than m and idx2 of s1 equals s2 and idx3 of s1 equals s3 record y as double gap and continue) which leaves every single gap non A vertex (the typical case where y has two A neighbors) with zero recorded edges so any ring with single gap vertices falls back to identity at Phase 5. Insert a single gap else branch after the double gap check inside the same y loop. Within the else branch run the standard submask iteration: initialize int sub equal s1 and use a do while loop whose body checks (sub, comp equal s1 bitxor sub) and whose tail sets sub equal (sub minus 1) bitand s1, terminating when sub wraps back to s1 having gone through every submask of s1 including 0; for each (sub, comp) require sub less than comp and sub less than m and comp less than m; check the triple consistency (idx2 of sub bitor idx2 of comp) equals s2 AND (idx3 of sub bitor idx3 of comp) equals s3; if the check passes increment a local int found_count and remember (found_sub, found_comp); break the loop early once found_count exceeds 1; after the loop if found_count equals exactly 1 call pushNeighbor of y with A list of found_sub then call pushNeighbor of y with A list of found_comp recording the two A neighbors of this single gap y; if found_count is 0 or greater than 1 leave y unresolved (do not add to D, do not push any edges, do not update yType or bySoleA or ySoleA). Keep the popcount of s1 greater than 16 continue guard unchanged; keep the double gap branch unchanged; do not modify Phase 1 batched epoch MIS, Phase 1.5 maximality completion, Phase 2 three batched bit signature queries, Phase 4 partner MIS plus bit signature on T (steps 4A through 4E), or Phase 5 cycle walk with permutation verification. Do not change any I O routines, the single bit oracle invariant, or any seed constants.	The iter 10 implementer accidentally removed the Phase 3 single gap decoder branch when restructuring Phase 4 to use partner MIS, causing every single gap non A vertex to remain without recorded edges so the Phase 5 cycle walk always falls back to identity on subtask 2; restoring the branch is a one paragraph correctness fix that unblocks the still maturing MIS plus bit signature direction without disturbing iter 10's partner MIS improvements.	none
12	fix triple consistency decoder to enumerate all sub or comp equals s1 pairs	For n at most 1000 keep the pairwise probing path unchanged. For n greater than 1000 take the current solution as base and replace exactly one block inside Phase 3 the decoder loop over y in nonA: the single gap else branch built around the inner do while on sub that sets comp equal s1 bitxor sub. The bug: that inner loop only checks pairs (sub, comp) with comp equal s1 bitxor sub which forces sub bitand comp equal 0 so any single gap y whose two A neighbor indices i and j share any binary bit (the vast majority for K equal 16 and m near 50000) is silently dropped as unresolved with zero edges and the cycle walk always falls back. Replacement structure: outer loop iterates sub over submasks of s1 using the standard descending pattern (initialize sub equal s1, do body then sub equal (sub minus 1) bitand s1 in the tail, while sub is not equal to s1 in the trailing condition; this enumerates all submasks including 0 then exits). Inside the outer loop first guard with continue if sub is at least m or idx2 at sub has any bit outside s2 (test idx2[sub] bitand bitnot s2 not equal to 0) or idx3 at sub has any bit outside s3. Otherwise compute base_comp equal s1 bitand bitnot sub (the s1 bits not in sub which comp must contain) and free_bits equal s1 bitand sub (the s1 bits in sub which comp may optionally contain). Inner loop iterates extra over submasks of free_bits with the same standard descending pattern (initialize extra equal free_bits, do body then extra equal (extra minus 1) bitand free_bits in tail, while extra is not equal to free_bits). Inside the inner loop set comp equal base_comp bitor extra and check four conditions: sub is strictly less than comp, comp is strictly less than m, idx2[sub] bitor idx2[comp] equals s2, idx3[sub] bitor idx3[comp] equals s3. If all four match, increment found_count and set found_sub equal sub and found_comp equal comp. If found_count is greater than 1 break the inner loop. After the inner loop if found_count is greater than 1 break the outer loop. Tighten the popcount of s1 skip threshold currently set to greater than 16 down to greater than 13 to bound worst case enumeration at 3 to the 13 around 1.6 million pairs per y. After both loops if found_count equals 1 call pushNeighbor of y with A_list at found_sub then pushNeighbor of y with A_list at found_comp recording both A neighbors; if found_count is 0 or greater than 1 leave y unresolved (do not add to D or bySoleA, do not push any edges). Do not modify Phase 1 batched epoch MIS or its seed, Phase 1.5 maximality completion or its seed, Phase 2 three round bit signature query construction with idx1 identity and idx2 idx3 random permutations seeded with 0x9E3779B97F4A7C15 and 0xBF58476D1CE4E5B9, Phase 4 step 4A clear S to empty via A_list, Phase 4 step 4B partner MIS on D seeded with 0xA0761D6478BD642F, Phase 4 step 4C maximality completion sweep on D seeded with 0x4CF5AD432745937F, Phase 4 step 4D bit signature on T to identify each non T y partner index, or Phase 5 cycle walk with permutation verification and identity fallback. Keep the single bit oracle invariant of response only 0 or 1, keep scanf and printf I O, and keep 64 bit accumulators where lengths could exceed int range.	The iter 11 restored single gap branch still uses comp equal s1 xor sub which only enumerates bit disjoint pairs and silently misses every single gap y whose two A neighbor indices share any bit (the vast majority for K equal 16 and m near 50000) so the cycle walk always falls back to identity on subtask 2; rewriting the enumeration to iterate all (sub, comp) submask pairs of s1 with sub bitor comp equal s1 lets the decoder finally identify the correct A neighbor pair and is a focused correctness fix in the still buggy MIS plus bit signature direction.	none
13	pair iterating decoder over A index pairs	For n at most 1000 keep the pairwise probing path unchanged. For n greater than 1000 take the current solution as base and replace exactly the Phase 3 decoder loop over y in nonA. Keep Phase 1 batched epoch MIS unchanged. Keep Phase 1.5 maximality completion unchanged. Keep Phase 2 three batched bit signature queries with idx1 identity and idx2 idx3 random permutations seeded with 0x9E3779B97F4A7C15 and 0xBF58476D1CE4E5B9 unchanged. Keep Phase 4 partner MIS plus bit signature on T (steps 4A clear S to empty, 4B partner MIS on D seeded with 0xA0761D6478BD642F, 4C maximality completion sweep on D seeded with 0x4CF5AD432745937F, 4D bit signature on T to identify each non T y partner) unchanged. Keep Phase 5 cycle walk with permutation verification and identity fallback unchanged. Replace Phase 3 as follows. Drop the previous popcount of s1 skip guard and the per y submask enumeration loop entirely. After Phase 2 produces sig1Of sig2Of sig3Of arrays of length numNonA where numNonA equals the size of nonA, build bucketBy_S1 as a vector of vector of int of size 1 leftshift K where K is the bit width used in Phase 2; for each q from 0 to numNonA minus 1 push q into bucketBy_S1 at index sig1Of of q. Allocate dgCount as vector of int of size numNonA initialized 0, dgSub as vector of int of size numNonA initialized minus 1, sgCount as vector of int of size numNonA initialized 0, sgPair as vector of pair of int of size numNonA initialized to pair minus 1 minus 1. Step 3a iterate single A index i from 0 to m minus 1; let s1_i equal idx1 of i which equals i since idx1 is identity, s2_i equal idx2 of i, s3_i equal idx3 of i; for each q in bucketBy_S1 at index s1_i check whether sig2Of of q equals s2_i AND sig3Of of q equals s3_i; if so increment dgCount of q and set dgSub of q equal to i. Step 3b iterate unordered A pair (i, j) with 0 less than or equal to i less than j less than m; outside the inner j loop precompute idx2_i equal idx2 of i and idx3_i equal idx3 of i; inside the inner j loop compute s1_ij equal i bitor j, s2_ij equal idx2_i bitor idx2 of j, s3_ij equal idx3_i bitor idx3 of j; for each q in bucketBy_S1 at index s1_ij check whether sig2Of of q equals s2_ij AND sig3Of of q equals s3_ij; if so increment sgCount of q and set sgPair of q equal to pair (i, j). Step 3c classify each q from 0 to numNonA minus 1; let y equal nonA at index q; if dgCount of q equals 1 AND sgCount of q equals 0 record y as double gap with sole A neighbor at dgSub of q (call pushNeighbor of y with A list at dgSub of q, add y to D vector and to bySoleA at dgSub of q, set yType of y equal 1); else if dgCount of q equals 0 AND sgCount of q equals 1 record y as single gap with A neighbors at sgPair of q dot first and sgPair of q dot second (call pushNeighbor of y with A list at first and pushNeighbor of y with A list at second, insert the unordered skeleton edge (first, second) into skelEdges, increment degA at first and degA at second, set yType of y equal 2); else leave y unresolved with no edges pushed. After Step 3c if any A index i has degA at i greater than 2 fall back to identity output and exit; otherwise continue into Phase 4 unchanged. Keep the single bit oracle invariant of response only 0 or 1, keep scanf and printf I O, keep 64 bit accumulators where lengths could exceed int range, and do not include any header that flips cin sync.	The current submask enumeration decoder iterates 3 to the power of popcount of s1 candidate pairs per y forcing a popcount cutoff of greater than 13 in iter 12 that drops every single gap y with popcount of s1 above 13 (around 28 percent of vertices for K equal 16 with random labels) leading to incomplete neighbors and identity fallback on every subtask 2 run; iterating over A index pairs (i, j) globally with bucket lookup by s1 has fixed cost m squared over 2 near 5e8 operations for m around 33000 and identifies every single gap and double gap vertex in two clean passes without any popcount truncation; this is a focused correctness fix in the still developing MIS plus bit signature direction.	none
14	double gap priority classification with noise tolerance	For n at most 1000 keep the pairwise probing path unchanged. For n greater than 1000 take the current solution as base and modify exactly the Phase 3 Step 3c classification loop over q in 0 to numNonA minus 1; keep Phase 1 batched epoch MIS, Phase 1.5 maximality completion, Phase 2 three batched bit signature queries with idx1 identity and idx2 idx3 random permutations seeded with 0x9E3779B97F4A7C15 and 0xBF58476D1CE4E5B9, Phase 3 Step 3a single A index scan, Phase 3 Step 3b unordered A pair scan, Phase 4 Step 4A clear S to empty via A list, Phase 4 Step 4B partner MIS on D seeded with 0xA0761D6478BD642F, Phase 4 Step 4C maximality completion sweep on D seeded with 0x4CF5AD432745937F, Phase 4 Step 4D bit signature on T to identify each non T D member partner, and Phase 5 cycle walk with permutation verification and identity fallback all unchanged. Replace the Step 3c branch logic. Old logic uses strict equality if dgCount of q equals 1 and sgCount of q equals 0 record double gap else if dgCount of q equals 0 and sgCount of q equals 1 record single gap else leave unresolved. New logic uses double gap priority. If dgCount of q is greater than or equal to 1 record y as double gap with sole A neighbor at dgSub of q (call pushNeighbor of y with A list at dgSub of q, push y into D vector, push y into bySoleA at dgSub of q, set yType of y equal 1, set ySoleA of y equal dgSub of q). Else if sgCount of q is greater than or equal to 1 record y as single gap with A neighbors at sgPair of q dot first and sgPair of q dot second (call pushNeighbor of y with A list at first, call pushNeighbor of y with A list at second, insert the unordered skeleton edge first comma second into skelEdges, increment degA at first, increment degA at second, set yType of y equal 2). Else leave y unresolved with no edges pushed. The rest of Step 3c (the post classification check that any degA of i greater than 2 triggers fallback) is unchanged. The rationale for the priority: spurious double gap match for a true single gap y requires a single A index k with k equal i bitor j and idx2 at k equal idx2 at i bitor idx2 at j and idx3 at k equal idx3 at i bitor idx3 at j which for random idx2 idx3 permutations has expected count near 1 over m squared per y so effectively never fires; spurious single gap match for a true double gap y at index k can fire from pairs i prime j prime with i prime bitor j prime equal k and the two OR constraints on idx2 and idx3 satisfied which for the special pair sub equal 0 comp equal k requires idx2 of 0 to be a subset of idx2 of k and idx3 of 0 a subset of idx3 of k each with probability around 2 to the K over 2 divided by m so per double gap y the expected spurious sgCount is order 0.001 and across roughly 67000 non A vertices about 70 true double gap y get rejected by the iter 13 strict rule (sgCount equal 1 not 0) leaving them unresolved which breaks the cycle walk into many short fragments triggering the identity fallback on every subtask 2 test. With the priority rule those 70 y are correctly classified as double gap because dgCount is greater than or equal to 1 takes precedence over the noisy sgCount. Keep the single bit oracle invariant of response only 0 or 1 keep scanf and printf I O keep 64 bit accumulators where lengths could exceed int range and do not include any header that flips cin sync.	The iter 13 strict classification dgCount equals 1 and sgCount equals 0 rejects every true double gap y that picks up even one spurious single gap noise match (around 70 y per run for K equal 16 m near 33000) leaving 70 ring vertices without recorded edges so the cycle walk fragments and falls back to identity giving 0 credit on subtask 2; double gap priority classification rescues these without introducing wrong classifications because spurious double gap is roughly m times rarer than spurious single gap; this is a focused correctness fix continuing the still buggy MIS plus bit signature direction toward first time subtask 2 credit.	none
